{
    "auc": [
        0.9463611088493444,
        0.008937499922853457
    ],
    "accuracy": [
        0.8621993127147767,
        0.011698151904465454
    ],
    "live_accuracy": [
        0.9482787156570672,
        0.011581724902962734
    ],
    "spoof_accuracy": [
        0.7692926045016077,
        0.01731305073139274
    ],
    "dprime": [
        2.2826797798206546,
        0.11469377329437987
    ],
    "fnr_at_fpr_1": [
        0.47427652733118975,
        0.03362888210402954
    ]
}