{
    "auc": [
        0.9206448594209948,
        0.02035131577004292
    ],
    "accuracy": [
        0.8027491408934708,
        0.025248388542884716
    ],
    "live_accuracy": [
        0.916583912611718,
        0.025170159704230206
    ],
    "spoof_accuracy": [
        0.6798856734548053,
        0.02620338120958667
    ],
    "dprime": [
        2.007475916935027,
        0.20943388869798887
    ],
    "fnr_at_fpr_1": [
        0.6904251518399428,
        0.0869097440595162
    ]
}