{
    "auc": [
        0.987557034218846,
        0.0015713281821534647
    ],
    "accuracy": [
        0.9378865979381443,
        0.004704932026682634
    ],
    "live_accuracy": [
        0.9638364779874214,
        0.0016152947116801855
    ],
    "spoof_accuracy": [
        0.9098785280457307,
        0.011444859397302175
    ],
    "dprime": [
        3.1749231502786444,
        0.07060475666332064
    ],
    "fnr_at_fpr_1": [
        0.16693461950696678,
        0.01229302101414648
    ]
}