{
    "auc": [
        0.9234967810180469,
        0.014128334973191388
    ],
    "accuracy": [
        0.7685996563573884,
        0.005995500366068699
    ],
    "live_accuracy": [
        0.996772591857001,
        0.0006568399481292506
    ],
    "spoof_accuracy": [
        0.5223294033583422,
        0.012429036135497893
    ],
    "dprime": [
        2.0274036003183618,
        0.13889006249844385
    ],
    "fnr_at_fpr_1": [
        0.38102893890675243,
        0.023619780693659907
    ]
}