{
    "auc": [
        0.9381281336556928,
        0.0012276805398382638
    ],
    "accuracy": [
        0.8581829896907216,
        0.01626942558918475
    ],
    "live_accuracy": [
        0.9449685534591196,
        0.015038486185502197
    ],
    "spoof_accuracy": [
        0.7645141121829224,
        0.03427344478532388
    ],
    "dprime": [
        2.176899573872236,
        0.014293996106229128
    ],
    "fnr_at_fpr_1": [
        0.4859324758842444,
        0.020532951833513384
    ]
}