{
    "auc": [
        0.9590844838186997,
        0.0027467777454913992
    ],
    "accuracy": [
        0.8791666666666667,
        0.007102939570365393
    ],
    "live_accuracy": [
        0.9657398212512414,
        0.0025195857907378584
    ],
    "spoof_accuracy": [
        0.7857270453733476,
        0.01514723762822458
    ],
    "dprime": [
        2.4617602483914824,
        0.04424959033109745
    ],
    "fnr_at_fpr_1": [
        0.3790192926045016,
        0.04725874604624137
    ]
}