{
    "auc": [
        0.9613962977272704,
        0.008395044070661052
    ],
    "accuracy": [
        0.8956829896907217,
        0.010453048732967605
    ],
    "live_accuracy": [
        0.883730552797087,
        0.017724829057372018
    ],
    "spoof_accuracy": [
        0.9085834226509467,
        0.0028113774089919942
    ],
    "dprime": [
        2.5074634253142607,
        0.1416932738969216
    ],
    "fnr_at_fpr_1": [
        0.4523937120400143,
        0.09781951703698544
    ]
}