{
    "auc": [
        0.8942966679208385,
        0.016382280780817767
    ],
    "accuracy": [
        0.7807345360824742,
        0.013862380008438351
    ],
    "live_accuracy": [
        0.983862959285005,
        0.013332394818368995
    ],
    "spoof_accuracy": [
        0.5614951768488745,
        0.043093573334567495
    ],
    "dprime": [
        1.7724167051825823,
        0.13168545040964294
    ],
    "fnr_at_fpr_1": [
        0.45757413361914967,
        0.018322142893524965
    ]
}