{
    "auc": [
        0.9540877088320308,
        0.00599401497449491
    ],
    "accuracy": [
        0.8638101374570447,
        0.017723211013028126
    ],
    "live_accuracy": [
        0.9535749751737835,
        0.008646511801026805
    ],
    "spoof_accuracy": [
        0.7669256877456234,
        0.04537240257066345
    ],
    "dprime": [
        2.387110983588383,
        0.08578508757883696
    ],
    "fnr_at_fpr_1": [
        0.47999285459092533,
        0.023035114670567226
    ]
}