{
    "auc": [
        0.9298116892896563,
        0.0016236010232805742
    ],
    "accuracy": [
        0.8199527491408934,
        0.0028006741087118524
    ],
    "live_accuracy": [
        0.9490235021516055,
        0.003617592352597547
    ],
    "spoof_accuracy": [
        0.6806448731689889,
        0.009706897527844325
    ],
    "dprime": [
        2.085204191702544,
        0.017135290866897548
    ],
    "fnr_at_fpr_1": [
        0.6663540550196498,
        0.009243725738611956
    ]
}