{
    "auc": [
        0.9894272603387577,
        0.0004732930160933288
    ],
    "accuracy": [
        0.9114046391752577,
        0.0016937421943421223
    ],
    "live_accuracy": [
        0.9952002648129759,
        0.0005167989075138793
    ],
    "spoof_accuracy": [
        0.8209628438728117,
        0.0037902147896961198
    ],
    "dprime": [
        3.26060846781854,
        0.024045512809851777
    ],
    "fnr_at_fpr_1": [
        0.13263665594855306,
        0.005271252833040183
    ]
}