{
    "auc": [
        0.9362452405331313,
        0.004665606870298154
    ],
    "accuracy": [
        0.8577319587628865,
        0.0029187504260067814
    ],
    "live_accuracy": [
        0.9324726911618669,
        0.0032841997406462525
    ],
    "spoof_accuracy": [
        0.7770632368703108,
        0.006794599321064272
    ],
    "dprime": [
        2.1562820084548164,
        0.053556715312583145
    ],
    "fnr_at_fpr_1": [
        0.5401929260450161,
        0.030356526166202994
    ]
}